id,name,start_date,end_date,created_at,updated_at
90000,"District Tribunal Judge","2023-03-30",,"2023-09-09T00:02:20Z","2023-12-21T00:02:04Z"
90001,"Designated Civil Judge","2023-03-30",,"2023-09-09T00:02:20Z","2023-12-21T00:02:04Z"
90002,"Mentor Judge","2023-03-30",,"2023-09-09T00:02:19Z","2023-12-21T00:02:04Z"
90003,"Resident Judge","2023-03-30",,"2023-09-09T00:02:20Z","2023-12-21T00:02:04Z"
90004,"Acting Regional Employment Judge","2023-03-30",,"2024-03-28T12:39:48Z","2024-03-28T12:39:48Z"
90005,"Appraisal Coordinator","2023-03-30",,"2024-03-28T12:39:48Z","2024-03-28T12:39:48Z"
90006,"Assistant Resident Judge","2023-03-30",,"2024-03-28T12:39:48Z","2024-03-28T12:39:48Z"
90007,"Bench Chairman Course Director (JC)","2023-03-30",,"2024-03-28T12:39:48Z","2024-03-28T12:39:48Z"
90008,"Business & Property Courts Supervising","2023-03-30","2023-07-04","2024-03-28T12:39:48Z","2024-03-28T12:39:48Z"
90009,"Deputy Chairman – Advisory Committee","2023-03-30",,"2024-03-28T12:39:48Z","2024-03-28T12:39:48Z"
90010,"Designated Immigration Judge","2023-03-30",,"2024-03-28T12:39:48Z","2024-03-28T12:39:48Z"
90011,"Diversity and Community Relations Judges","2023-03-30",,"2024-03-28T12:39:48Z","2024-03-28T12:39:48Z"
90012,"Appraisal Judge","2023-03-30",,"2024-03-28T12:39:48Z","2024-03-28T12:39:48Z"
90013,"Bench Chair","2023-03-30",,"2024-03-28T12:39:48Z","2024-03-28T12:39:48Z"
90014,"Bench Chairman Course Trainer (JC)","2023-03-30",,"2024-03-28T12:39:48Z","2024-03-28T12:39:48Z"
90015,"Boundary Commission for England – Deputy Chair","2023-03-30",,"2024-03-28T12:39:48Z","2024-03-28T12:39:48Z"
90016,"Business & Property Courts Supervising Judge","2023-03-30",,"2024-03-28T12:39:48Z","2024-03-28T12:39:48Z"
90017,"Diversity and Community Relations Magistrates","2023-10-18",,"2024-03-28T12:39:48Z","2024-03-28T12:39:48Z"
90018,"Insolvency Rules Committee","2023-03-30",,"2024-03-28T12:39:48Z","2024-03-28T12:39:48Z"
90019,"Lord Lieutenant","2023-03-30",,"2024-03-28T12:39:48Z","2024-03-28T12:39:48Z"
90020,"Boundary Commission for Wales – Deputy Chair","2023-03-30",,"2024-03-28T12:39:48Z","2024-03-28T12:39:48Z"
90021,"Chairman of Cross-Jurisdictional Courses","2023-03-30",,"2024-03-28T12:39:48Z","2024-03-28T12:39:48Z"
90022,"Chair of the Land Registration Rule Committee","2023-03-30",,"2024-03-28T12:39:48Z","2024-03-28T12:39:48Z"
90023,"Chancery Supervising Judge","2023-03-30","2023-07-04","2024-03-28T12:39:48Z","2024-03-28T12:39:48Z"
90024,"Diversity Mentors","2023-03-30",,"2024-03-28T12:39:48Z","2024-03-28T12:39:48Z"
90025,"International Committee Chairman","2023-03-30",,"2024-03-28T12:39:48Z","2024-03-28T12:39:48Z"
90026,"British Judge International Criminal Court","2023-03-30",,"2024-03-28T12:39:48Z","2024-03-28T12:39:48Z"
90027,"Chairman of the Judicial College","2023-03-30",,"2024-03-28T12:39:48Z","2024-03-28T12:39:48Z"
90028,"Chief Coroner","2023-03-30",,"2024-03-28T12:39:48Z","2024-03-28T12:39:48Z"
90029,"Diversity Role Models","2023-03-30",,"2024-03-28T12:39:48Z","2024-03-28T12:39:48Z"
90030,"International Committee Member","2023-03-30",,"2024-03-28T12:39:48Z","2024-03-28T12:39:48Z"
90031,"Judge in Charge of International Family Law","2023-03-30",,"2024-03-28T12:39:48Z","2024-03-28T12:39:48Z"
90032,"Case Management Judge","2023-03-30",,"2024-03-28T12:39:48Z","2024-03-28T12:39:48Z"
90033,"Civil Course Director (JC)","2023-03-30",,"2024-03-28T12:39:48Z","2024-03-28T12:39:48Z"
90034,"Deputy Bench Chair","2023-03-30",,"2024-03-28T12:39:48Z","2024-03-28T12:39:48Z"
90035,"International Course Director (Deputy)","2023-03-30",,"2024-03-28T12:39:48Z","2024-03-28T12:39:48Z"
90036,"Judge in Charge of Jury List (King’s Bench)","2023-03-30",,"2024-03-28T12:39:48Z","2024-03-28T12:39:48Z"
90037,"Chairman of the Law Commission","2023-03-30",,"2024-03-28T12:39:48Z","2024-03-28T12:39:48Z"
90038,"Civil Course Tutor (JC)","2023-03-30",,"2024-03-28T12:39:48Z","2024-03-28T12:39:48Z"
90039,"Deputy Chief Coroner","2023-03-30",,"2024-03-28T12:39:48Z","2024-03-28T12:39:48Z"
90040,"IT Liaison Judge","2023-03-30",,"2024-03-28T12:39:48Z","2024-03-28T12:39:48Z"
90041,"Judge in Charge of Jury List (Queen's Bench)","2023-03-30",,"2024-03-28T12:39:48Z","2024-03-28T12:39:48Z"
90042,"Civil Judicial Engagement Group","2023-03-30",,"2024-03-28T12:39:48Z","2024-03-28T12:39:48Z"
90043,"Civil Justice Council","2023-03-30",,"2024-03-28T12:39:48Z","2024-03-28T12:39:48Z"
90044,"Deputy Head of Civil Justice","2023-03-30",,"2024-03-28T12:39:48Z","2024-03-28T12:39:48Z"
90045,"JAC Commissioner","2023-03-30",,"2024-03-28T12:39:48Z","2024-03-28T12:39:48Z"
90046,"Judge in Charge of Non-Jury List (King’s Bench)","2023-03-30",,"2024-03-28T12:39:48Z","2024-03-28T12:39:48Z"
90047,"Civil Procedure Rule Committee","2023-03-30",,"2024-03-28T12:39:48Z","2024-03-28T12:39:48Z"
90048,"Criminal Procedure Rule Committee","2023-03-30",,"2024-03-28T12:39:48Z","2024-03-28T12:39:48Z"
90049,"Deputy Head of Criminal Justice","2023-03-30",,"2024-03-28T12:39:48Z","2024-03-28T12:39:48Z"
90050,"Judge in Charge of Non-Jury List (Queen's Bench)","2023-03-30","2025-01-16","2024-03-28T12:39:48Z","2025-01-17T01:00:50Z"
90051,"Lead Judge for International Relations","2023-03-30",,"2024-03-28T12:39:48Z","2024-03-28T12:39:48Z"
90052,"Course Director Coroner Training (JC)","2023-03-30",,"2024-03-28T12:39:48Z","2024-03-28T12:39:48Z"
90053,"Deputy Head of Family","2023-03-30",,"2024-03-28T12:39:48Z","2024-03-28T12:39:48Z"
90054,"Judge in Charge of Media & Communications","2023-03-30",,"2024-03-28T12:39:48Z","2024-03-28T12:39:48Z"
90055,"Lord Chancellors Advisory Committee on JPs","2023-03-30",,"2024-03-28T12:39:48Z","2024-03-28T12:39:48Z"
90056,"Course Director for COP (JC)","2023-03-30",,"2024-03-28T12:39:48Z","2024-03-28T12:39:48Z"
90057,"Deputy Senior Presiding Judge","2023-03-30",,"2024-03-28T12:39:48Z","2024-03-28T12:39:48Z"
90058,"Election Commissioner","2023-03-30",,"2024-03-28T12:39:48Z","2024-03-28T12:39:48Z"
90059,"Judge in Charge of Technology & Construction","2023-03-30",,"2024-03-28T12:39:48Z","2024-03-28T12:39:48Z"
90060,"Magistrates’ Liaison Judge","2023-03-30",,"2024-03-28T12:39:48Z","2024-03-28T12:39:48Z"
90061,"Course Director Long and Complex Trials (JC)","2023-03-30",,"2024-03-28T12:39:48Z","2024-03-28T12:39:48Z"
90062,"Election Rota Judges","2023-03-30",,"2024-03-28T12:39:48Z","2024-03-28T12:39:48Z"
90063,"Judge in Charge of The Planning Court","2023-03-30",,"2024-03-28T12:39:48Z","2024-03-28T12:39:48Z"
90064,"Presiding Judge in the Sovereign Base Area Cyprus","2023-03-30",,"2024-03-28T12:39:48Z","2024-03-28T12:39:48Z"
90065,"Course Director Youth Training (JC)","2023-03-30",,"2024-03-28T12:39:48Z","2024-03-28T12:39:48Z"
90066,"Designated Family Judge","2023-03-30",,"2024-03-28T12:39:48Z","2024-03-28T12:39:48Z"
90067,"Family Justice Council","2023-03-30",,"2024-03-28T12:39:48Z","2024-03-28T12:39:48Z"
90068,"Judge in Charge of the Administrative Court","2023-03-30",,"2024-03-28T12:39:48Z","2024-03-28T12:39:48Z"
90069,"KB Liaision Judges (Administrative Court)","2023-03-30",,"2024-03-28T12:39:48Z","2024-03-28T12:39:48Z"
90070,"Course Tutor Specialist Jurisdictions","2023-03-30",,"2024-03-28T12:39:48Z","2024-03-28T12:39:48Z"
90071,"Family Procedure Rule Committee","2023-03-30",,"2024-03-28T12:39:48Z","2024-03-28T12:39:48Z"
90072,"Judge in Charge of the Commercial Court","2023-03-30",,"2024-03-28T12:39:48Z","2024-03-28T12:39:48Z"
90073,"Presiding Judge","2023-03-30",,"2024-03-28T12:39:48Z","2024-03-28T12:39:48Z"
90074,"QB Liaision Judges (Administrative Court)","2023-03-30",,"2024-03-28T12:39:48Z","2024-03-28T12:39:48Z"
90075,"Court of Protection Tutor (JC)","2023-03-30",,"2024-03-28T12:39:48Z","2024-03-28T12:39:48Z"
90076,"Head of Criminal Justice","2023-03-30",,"2024-03-28T12:39:48Z","2024-03-28T12:39:48Z"
90077,"Judge in Charge of the Patents Court","2023-03-30",,"2024-03-28T12:39:48Z","2024-03-28T12:39:48Z"
90078,"President of the Gender Recognition Panel","2023-03-30",,"2024-03-28T12:39:48Z","2024-03-28T12:39:48Z"
90079,"Regional Lead CoP Judge","2023-03-30",,"2024-03-28T12:39:48Z","2024-03-28T12:39:48Z"
90080,"Courts Committee Chairman (JC)","2023-03-30",,"2024-03-28T12:39:48Z","2024-03-28T12:39:48Z"
90081,"Independent Prison Adjudicator","2023-03-30","2024-08-28","2024-03-28T12:39:48Z","2024-03-28T12:39:48Z"
90082,"President of Welsh Tribunals","2023-03-30",,"2024-03-28T12:39:48Z","2024-03-28T12:39:48Z"
90083,"Sentencing Council","2023-03-30",,"2024-03-28T12:39:48Z","2024-03-28T12:39:48Z"
90084,"Vice President Court of Protection","2023-03-30",,"2024-03-28T12:39:48Z","2024-03-28T12:39:48Z"
90085,"Courts Committee Member (JC)","2023-03-30",,"2024-03-28T12:39:48Z","2024-03-28T12:39:48Z"
90086,"Judicial Commissioner Investigatory Powers Commiss","2023-03-30",,"2024-03-28T12:39:48Z","2024-03-28T12:39:48Z"
90087,"Principle Judge - Land Registration","2023-03-30","2024-06-13","2024-03-28T12:39:48Z","2024-06-14T00:03:07Z"
90088,"Tribunals Procedure Rule Committee","2023-03-30","2023-11-06","2024-03-28T12:39:48Z","2024-03-28T12:39:48Z"
90089,"Criminal Course Director (JC)","2023-03-30",,"2024-03-28T12:39:48Z","2024-03-28T12:39:48Z"
90090,"Land Registration Rule Committee","2023-03-30",,"2024-03-28T12:39:48Z","2024-03-28T12:39:48Z"
90091,"Principle Judge - Residential Property","2023-03-30","2024-06-13","2024-03-28T12:39:48Z","2024-06-14T00:03:07Z"
90092,"Tribunal Procedure Committee","2023-11-07",,"2024-03-28T12:39:48Z","2024-03-28T12:39:48Z"
90093,"Criminal Course Tutor (JC)","2023-03-30",,"2024-03-28T12:39:48Z","2024-03-28T12:39:48Z"
90094,"Lead for Asylum Support","2023-03-30",,"2024-03-28T12:39:48Z","2024-03-28T12:39:48Z"
90095,"Regional Judge","2023-03-30","2025-02-26","2024-03-28T12:39:48Z","2025-02-27T01:00:46Z"
90096,"Cross-Jurisdictional Course Director","2023-03-30",,"2024-03-28T12:39:48Z","2024-03-28T12:39:48Z"
90097,"Liaison Judge for Welsh Language","2023-03-30",,"2024-03-28T12:39:48Z","2024-03-28T12:39:48Z"
90098,"Regional Surveyor","2023-03-30","2025-12-09","2024-03-28T12:39:48Z","2026-01-07T01:00:16Z"
90099,"Cross-Jurisdictional Tutor (JC)","2023-03-30",,"2024-03-28T12:39:48Z","2024-03-28T12:39:48Z"
90100,"Media and Communications List Judge","2023-03-30",,"2024-03-28T12:39:48Z","2024-03-28T12:39:48Z"
90101,"Resident Immigration Judge","2023-03-30","2025-02-26","2024-03-28T12:39:48Z","2025-02-27T01:00:46Z"
90102,"Director of Civil Training (JC)","2023-03-30",,"2024-03-28T12:39:48Z","2024-03-28T12:39:48Z"
90103,"Nominated JOH for Whistleblowing and Grievance","2023-03-30",,"2024-03-28T12:39:48Z","2024-03-28T12:39:48Z"
90104,"Director of Criminal Training (JC)","2023-03-30",,"2024-03-28T12:39:48Z","2024-03-28T12:39:48Z"
90105,"Pool of Judges","2023-03-30",,"2024-03-28T12:39:48Z","2024-03-28T12:39:48Z"
90106,"Senior Presiding Judge","2023-03-30",,"2024-03-28T12:39:48Z","2024-03-28T12:39:48Z"
90107,"Director of Family Training (JC)","2023-03-30",,"2024-03-28T12:39:48Z","2024-03-28T12:39:48Z"
90108,"President of the VTE","2023-03-30",,"2024-03-28T12:39:48Z","2024-03-28T12:39:48Z"
90109,"Vice President Court of Appeal Civil","2023-03-30",,"2024-03-28T12:39:48Z","2024-03-28T12:39:48Z"
90110,"Director of International Training (JC)","2023-03-30",,"2024-03-28T12:39:48Z","2024-03-28T12:39:48Z"
90111,"Regional Cost Judge","2023-03-30",,"2024-03-28T12:39:48Z","2024-03-28T12:39:48Z"
90112,"Vice President Court of Appeal Criminal","2023-03-30",,"2024-03-28T12:39:48Z","2024-03-28T12:39:48Z"
90113,"Director of Magistrates’ Training (JC)","2023-03-30",,"2024-03-28T12:39:48Z","2024-03-28T12:39:48Z"
90114,"Resident Judge SBA Cyprus","2023-03-30",,"2024-03-28T12:39:48Z","2024-03-28T12:39:48Z"
90115,"Vice President of the Unified Tribunals","2023-03-30",,"2024-03-28T12:39:48Z","2024-03-28T12:39:48Z"
90116,"Director of Property Chamber Training","2023-03-30",,"2024-03-28T12:39:48Z","2024-03-28T12:39:48Z"
90117,"Security Liaison Judge","2023-03-30",,"2024-03-28T12:39:48Z","2024-03-28T12:39:48Z"
90118,"Vice President of King's Bench","2023-03-30",,"2024-03-28T12:39:48Z","2024-03-28T12:39:48Z"
90119,"Director of Senior Judiciary Training (JC)","2023-03-30",,"2024-03-28T12:39:48Z","2024-03-28T12:39:48Z"
90120,"Senior Judge in the Sovereign Base Areas Cyprus","2023-03-30",,"2024-03-28T12:39:48Z","2024-03-28T12:39:48Z"
90121,"Vice President Queens Bench","2023-03-30","2024-01-30","2024-03-28T12:39:48Z","2024-03-28T12:39:48Z"
90122,"Director of Serious Sexual Offences (JC)","2023-03-30",,"2024-03-28T12:39:48Z","2024-03-28T12:39:48Z"
90123,"Regional Leadership Magistrate","2023-08-30",,"2024-03-28T12:39:48Z","2024-03-28T12:39:48Z"
90124,"Vice Chair of MFSC","2023-03-30",,"2024-03-28T12:39:48Z","2024-03-28T12:39:48Z"
90125,"Director of Training For Courts (JC)","2023-03-30",,"2024-03-28T12:39:48Z","2024-03-28T12:39:48Z"
90126,"Family Presiding Judge","2023-09-04",,"2024-03-28T12:39:48Z","2024-03-28T12:39:48Z"
90127,"Director of Training For Tribunals (JC)","2023-03-30",,"2024-03-28T12:39:48Z","2024-03-28T12:39:48Z"
90128,"Director of Wales Training (JC)","2023-03-30",,"2024-03-28T12:39:48Z","2024-03-28T12:39:48Z"
90129,"Family Division Liaison Judge","2023-03-30","2023-09-04","2024-03-28T12:39:48Z","2024-03-28T12:39:48Z"
90130,"District Judge (Magistrates Court) Course Director","2023-03-30",,"2024-03-28T12:39:48Z","2024-03-28T12:39:48Z"
90131,"Senior Family Liaison Judge","2023-03-30","2023-09-04","2024-03-28T12:39:48Z","2024-03-28T12:39:48Z"
90132,"District Judge (Magistrates Court) Course Tutor","2023-03-30",,"2024-03-28T12:39:48Z","2024-03-28T12:39:48Z"
90133,"Vice President Kings Bench","2023-03-30","2023-09-27","2024-03-28T12:39:48Z","2024-03-28T12:39:48Z"
90134,"District Judge (MC) Course Director (JC)","2023-03-30",,"2024-03-28T12:39:48Z","2024-03-28T12:39:48Z"
90135,"District Judge (MC) Course Tutor (JC)","2023-03-30",,"2024-03-28T12:39:48Z","2024-03-28T12:39:48Z"
90136,"Diversity and Development Committee Chairman (JC)","2023-03-30",,"2024-03-28T12:39:48Z","2024-03-28T12:39:48Z"
90137,"Diversity and Development Committee Member (JC)","2023-03-30",,"2024-03-28T12:39:48Z","2024-03-28T12:39:48Z"
90138,"Editor of Crown Court Compendium (JC)","2023-03-30",,"2024-03-28T12:39:48Z","2024-03-28T12:39:48Z"
90139,"ETBB Editorial Panel (JC)","2023-03-30",,"2024-03-28T12:39:48Z","2024-03-28T12:39:48Z"
90140,"Faculty Tutor","2023-03-30",,"2024-03-28T12:39:48Z","2024-03-28T12:39:48Z"
90141,"Family Course Director (JC)","2023-03-30",,"2024-03-28T12:39:48Z","2024-03-28T12:39:48Z"
90142,"Family Course Tutor (JC)","2023-03-30",,"2024-03-28T12:39:48Z","2024-03-28T12:39:48Z"
90143,"Judicial College Board Member","2023-03-30",,"2024-03-28T12:39:48Z","2024-03-28T12:39:48Z"
90144,"Supervising DJ (JC)","2023-03-30",,"2024-03-28T12:39:48Z","2024-03-28T12:39:48Z"
90145,"TAAAC Course Director (JC)","2023-03-30",,"2024-03-28T12:39:48Z","2024-03-28T12:39:48Z"
90146,"Training District Judge","2023-03-30",,"2024-03-28T12:39:48Z","2024-03-28T12:39:48Z"
90147,"Training Lead for Welsh Law & Language","2023-03-30",,"2024-03-28T12:39:48Z","2024-03-28T12:39:48Z"
90148,"Tribunals Committee Member (JC)","2023-03-30",,"2024-03-28T12:39:48Z","2024-03-28T12:39:48Z"
90149,"Tribunals Training Lead","2023-03-30",,"2024-03-28T12:39:48Z","2024-03-28T12:39:48Z"
90150,"Wales Training Committee Chairman (JC)","2023-03-30",,"2024-03-28T12:39:48Z","2024-03-28T12:39:48Z"
90151,"Wales Training Committee Member (JC)","2023-03-30",,"2024-03-28T12:39:48Z","2024-03-28T12:39:48Z"
90152,"Wales Training Course Director (JC)","2023-03-30",,"2024-03-28T12:39:48Z","2024-03-28T12:39:48Z"
90153,"Acting Resident Judge","2023-05-02",,"2024-03-28T12:39:48Z","2024-03-28T12:39:48Z"
90154,"Acting Designated Family Judge","2023-08-03",,"2024-03-28T12:39:48Z","2024-03-28T12:39:48Z"
90155,"Acting Designated Civil Judge","2023-08-03",,"2024-03-28T12:39:48Z","2024-03-28T12:39:48Z"
90156,"Lead Family Presiding Judge","2023-09-04",,"2024-03-28T12:39:48Z","2024-03-28T12:39:48Z"
90157,"Leadership Trainer (JC)","2024-02-28",,"2024-03-28T12:39:48Z","2024-03-28T12:39:48Z"
90158,"Lead and Deputy Online Judge","2025-02-19",,"2025-02-20T01:00:40Z","2025-02-20T01:00:40Z"
90159,"The Chief Coroner's Major Incidents Cadre","2025-05-15",,"2025-07-16T00:00:15Z","2025-12-19T01:00:10Z"
90160,"The Chief Coroner's Service Deaths Cadre","2025-05-15",,"2025-07-16T00:00:15Z","2025-12-19T01:00:10Z"
90161,"Acting Regional Judge","2024-12-23",,"2025-12-19T01:00:10Z","2025-12-19T01:00:10Z"
90162,"Acting Principal Judge","2024-06-13",,"2025-12-19T01:00:10Z","2025-12-19T01:00:10Z"
90163,"Acting Senior Costs Judge","2024-08-01",,"2025-12-19T01:00:10Z","2025-12-19T01:00:10Z"