id,name,type_id,jurisdiction_id,parent_category_id,start_date,end_date,created_at,updated_at
31,"Civil",1,30,,"2023-03-30",,"2023-05-19T11:18:46Z","2023-12-21T00:02:06Z"
32,"Crime",1,30,,"2023-03-30",,"2023-05-19T11:18:46Z","2023-12-21T00:02:06Z"
33,"Family",1,30,,"2023-03-30",,"2023-05-19T11:18:46Z","2023-12-21T00:02:06Z"
35,"First tier Tribunal",2,34,,"2023-03-30",,"2023-05-19T11:18:46Z","2023-12-21T00:02:06Z"
36,"Social Entitlement Chamber",3,34,35,"2023-03-30",,"2023-05-19T11:18:46Z","2023-12-21T00:02:06Z"
37,"Health, Education and Social Care Chamber",3,34,35,"2023-03-30",,"2023-05-19T11:18:46Z","2023-12-21T00:02:06Z"
38,"Immigration and Asylum Chamber",3,34,35,"2023-03-30",,"2023-05-19T11:18:46Z","2023-12-21T00:02:06Z"
39,"General Regulatory Chamber",3,34,35,"2023-03-30",,"2023-05-19T11:18:46Z","2023-12-21T00:02:06Z"
40,"Tax Chamber",3,34,35,"2023-03-30",,"2023-05-19T11:18:46Z","2023-12-21T00:02:06Z"
41,"War Pensions & Armed Forces Compensation Chamber",3,34,35,"2023-03-30",,"2023-05-19T11:18:46Z","2023-12-21T00:02:06Z"
42,"Property Chamber",3,34,35,"2023-03-30",,"2023-05-19T11:18:46Z","2023-12-21T00:02:06Z"
43,"Upper Tier",2,34,,"2023-03-30",,"2023-05-19T11:18:46Z","2023-12-21T00:02:06Z"
44,"Administrative Appeals Chamber",3,34,43,"2023-03-30",,"2023-05-19T11:18:46Z","2023-12-21T00:02:06Z"
45,"Immigration and Asylum Chamber",3,34,43,"2023-03-30",,"2023-05-19T11:18:46Z","2023-12-21T00:02:06Z"
46,"Lands Chamber",3,34,43,"2023-03-30",,"2023-05-19T11:18:46Z","2023-12-21T00:02:06Z"
47,"Tax and Chancery Chamber",3,34,43,"2023-03-30",,"2023-05-19T11:18:46Z","2023-12-21T00:02:06Z"
48,"Other Tribunal",2,34,,"2023-03-30",,"2023-05-19T11:18:46Z","2023-12-21T00:02:06Z"
49,"Advisory Committee on Conscientious Objectors",3,34,48,"2023-03-30",,"2023-05-19T11:18:46Z","2023-12-21T00:02:06Z"
50,"Agricultural Lands Tribunal - Wales",3,34,48,"2023-03-30",,"2023-05-19T11:18:46Z","2023-12-21T00:02:06Z"
51,"Assistant Surveillance Commissioners",3,34,48,"2023-03-30",,"2023-05-19T11:18:46Z","2023-12-21T00:02:06Z"
52,"Competition Appeal Tribunal",3,34,48,"2023-03-30",,"2023-05-19T11:18:46Z","2023-12-21T00:02:06Z"
53,"Conscientious Objectors",3,34,48,"2023-03-30",,"2023-05-19T11:18:46Z","2023-12-21T00:02:06Z"
54,"Copyright Tribunal",3,34,48,"2023-03-30",,"2023-05-19T11:18:46Z","2023-12-21T00:02:06Z"
55,"Design Tribunal",3,34,48,"2023-03-30",,"2023-05-19T11:18:46Z","2023-12-21T00:02:06Z"
56,"Employment Tribunal (England & Wales)",3,34,48,"2023-03-30",,"2023-05-19T11:18:46Z","2023-12-21T00:02:06Z"
57,"Employment Tribunal Scotland",3,34,48,"2023-03-30",,"2023-05-19T11:18:46Z","2023-12-21T00:02:06Z"
58,"Employment Appeal Tribunal",3,34,48,"2023-03-30",,"2023-05-19T11:18:46Z","2023-12-21T00:02:06Z"
59,"Gender Recognition Panel",3,34,48,"2023-03-30",,"2023-05-19T11:18:46Z","2023-12-21T00:02:06Z"
60,"Health Medicine's Tribunal",3,34,48,"2023-03-30",,"2023-05-19T11:18:46Z","2023-12-21T00:02:06Z"
61,"Health Service Products Appeals Tribunal",3,34,48,"2023-03-30",,"2023-05-19T11:18:46Z","2023-12-21T00:02:06Z"
62,"Horserace Betting Levy Appeals Tribunal",3,34,48,"2023-03-30",,"2023-05-19T11:18:46Z","2023-12-21T00:02:06Z"
63,"Intellectual Property Tribunal",3,34,48,"2023-03-30",,"2023-05-19T11:18:46Z","2023-12-21T00:02:06Z"
64,"Intelligence Services Commissioners",3,34,48,"2023-03-30",,"2023-05-19T11:18:46Z","2023-12-21T00:02:06Z"
65,"Interception of Communications Commissioner",3,34,48,"2023-03-30",,"2023-05-19T11:18:46Z","2023-12-21T00:02:06Z"
66,"Investigatory Powers Tribunals",3,34,48,"2023-03-30",,"2023-05-19T11:18:46Z","2023-12-21T00:02:06Z"
67,"Mental Health Tribunal Wales",3,34,48,"2023-03-30",,"2023-05-19T11:18:46Z","2023-12-21T00:02:06Z"
68,"Motor Insurers Bureau",3,34,48,"2023-03-30",,"2023-05-19T11:18:46Z","2023-12-21T00:02:06Z"
69,"Pathogens Access Appeals Commission",3,34,48,"2023-03-30",,"2023-05-19T11:18:46Z","2023-12-21T00:02:06Z"
70,"Plant Varieties and Seeds Tribunal",3,34,48,"2023-03-30",,"2023-05-19T11:18:46Z","2023-12-21T00:02:06Z"
71,"Police Appeals Tribunal",3,34,48,"2023-03-30",,"2023-05-19T11:18:46Z","2023-12-21T00:02:06Z"
72,"Proscribed Organisations Appeal Commission",3,34,48,"2023-03-30",,"2023-05-19T11:18:46Z","2023-12-21T00:02:06Z"
73,"Reinstatement Committees and Umpires Tribunal",3,34,48,"2023-03-30",,"2023-05-19T11:18:46Z","2023-12-21T00:02:06Z"
74,"Rent Assessment Panel - Wales",3,34,48,"2023-03-30",,"2023-05-19T11:18:46Z","2023-12-21T00:02:06Z"
75,"Residential Property Wales",3,34,48,"2023-03-30",,"2023-05-19T11:18:46Z","2026-02-10T01:00:15Z"
76,"Road User Charging Tribunal",3,34,48,"2023-03-30",,"2023-05-19T11:18:46Z","2023-12-21T00:02:06Z"
77,"Special Educational Needs Tribunal Wales",3,34,48,"2023-03-30",,"2023-05-19T11:18:46Z","2023-12-21T00:02:06Z"
78,"Special Immigration Appeals Commission",3,34,48,"2023-03-30",,"2023-05-19T11:18:46Z","2023-12-21T00:02:06Z"
79,"Surveillance Commissioners",3,34,48,"2023-03-30",,"2023-05-19T11:18:46Z","2023-12-21T00:02:06Z"
80,"Trademark Tribunals",3,34,48,"2023-03-30",,"2023-05-19T11:18:46Z","2023-12-21T00:02:06Z"
81,"Transport Tribunal",3,34,48,"2023-03-30","2024-03-18","2023-05-19T11:18:46Z","2024-03-20T00:02:31Z"
82,"Valuation Tribunal - England",3,34,48,"2023-03-30",,"2023-05-19T11:18:46Z","2023-12-21T00:02:06Z"
83,"Valuation Tribunal Wales",3,34,48,"2023-03-30",,"2023-05-19T11:18:46Z","2023-12-21T00:02:06Z"
85,"Court Type",4,84,,"2023-03-30",,"2023-05-19T11:18:46Z","2023-12-21T00:02:06Z"
88,"Languages",5,87,,"2023-03-30",,"2023-05-19T11:18:46Z","2023-12-21T00:02:06Z"